nom|id_ressource
Format·eur·rice·s|1
Conseiller·e·s pédagogiques et technopédagogiques|1
Format·eur·rice·s|2
Conseiller·e·s pédagogiques et technopédagogiques|2
Format·eur·rice·s|3
Conseiller·e·s pédagogiques et technopédagogiques|3
Format·eur·rice·s|4
Conseiller·e·s pédagogiques et technopédagogiques|4
Format·eur·rice·s|5
Conseiller·e·s pédagogiques et technopédagogiques|5
Format·eur·rice·s|6
Conseiller·e·s pédagogiques et technopédagogiques|6
Format·eur·rice·s|7
Conseiller·e·s pédagogiques et technopédagogiques|7
Étudiant·e·s|7
Format·eur·rice·s|8
Conseiller·e·s pédagogiques et technopédagogiques|8
Format·eur·rice·s|35
Conseiller·e·s pédagogiques et technopédagogiques|35
Format·eur·rice·s|94
Conseiller·e·s pédagogiques et technopédagogiques|94
Format·eur·rice·s|79
Conseiller·e·s pédagogiques et technopédagogiques|79
Format·eur·rice·s|88
Conseiller·e·s pédagogiques et technopédagogiques|88
Format·eur·rice·s|144
Conseiller·e·s pédagogiques et technopédagogiques|144
Format·eur·rice·s|141
Conseiller·e·s pédagogiques et technopédagogiques|141
Étudiant·e·s|141
Format·eur·rice·s|142
Conseiller·e·s pédagogiques et technopédagogiques|142
Format·eur·rice·s|33
Conseiller·e·s pédagogiques et technopédagogiques|33
Format·eur·rice·s|145
Conseiller·e·s pédagogiques et technopédagogiques|145
Format·eur·rice·s|105
Conseiller·e·s pédagogiques et technopédagogiques|105
Format·eur·rice·s|130
Conseiller·e·s pédagogiques et technopédagogiques|130
Format·eur·rice·s|137
Conseiller·e·s pédagogiques et technopédagogiques|137
Format·eur·rice·s|139
Conseiller·e·s pédagogiques et technopédagogiques|139
Format·eur·rice·s|138
Conseiller·e·s pédagogiques et technopédagogiques|138
Format·eur·rice·s|140
Conseiller·e·s pédagogiques et technopédagogiques|140
Format·eur·rice·s|54
Conseiller·e·s pédagogiques et technopédagogiques|54
Format·eur·rice·s|55
Conseiller·e·s pédagogiques et technopédagogiques|55
Format·eur·rice·s|58
Conseiller·e·s pédagogiques et technopédagogiques|58
Format·eur·rice·s|59
Conseiller·e·s pédagogiques et technopédagogiques|59
Format·eur·rice·s|9
Conseiller·e·s pédagogiques et technopédagogiques|9
Étudiant·e·s|9
Format·eur·rice·s|10
Conseiller·e·s pédagogiques et technopédagogiques|10
Étudiant·e·s|10
Étudiant·e·s|11
Format·eur·rice·s|12
Conseiller·e·s pédagogiques et technopédagogiques|12
Format·eur·rice·s|22
Conseiller·e·s pédagogiques et technopédagogiques|22
Format·eur·rice·s|101
Conseiller·e·s pédagogiques et technopédagogiques|101
À déterminer|13
À déterminer|14
À déterminer|15
À déterminer|16
À déterminer|17
À déterminer|18
À déterminer|19
À déterminer|20
À déterminer|21
À déterminer|23
À déterminer|24
À déterminer|25
À déterminer|26
À déterminer|27
À déterminer|28
À déterminer|29
À déterminer|30
À déterminer|31
À déterminer|32
À déterminer|33
À déterminer|34
À déterminer|36
À déterminer|37
À déterminer|38
À déterminer|39
À déterminer|40
À déterminer|41
À déterminer|43
À déterminer|44
À déterminer|45
À déterminer|46
À déterminer|47
À déterminer|48
À déterminer|49
À déterminer|50
À déterminer|51
À déterminer|52
À déterminer|53
À déterminer|56
À déterminer|57
À déterminer|60
À déterminer|61
À déterminer|62
À déterminer|63
À déterminer|64
À déterminer|65
À déterminer|66
À déterminer|67
À déterminer|68
À déterminer|69
À déterminer|70
À déterminer|71
À déterminer|73
À déterminer|74
À déterminer|75
À déterminer|76
À déterminer|77
À déterminer|78
À déterminer|80
À déterminer|81
À déterminer|82
À déterminer|83
À déterminer|84
À déterminer|85
À déterminer|86
À déterminer|87
À déterminer|89
À déterminer|90
À déterminer|91
À déterminer|92
À déterminer|93
À déterminer|95
À déterminer|96
À déterminer|97
À déterminer|98
À déterminer|99
À déterminer|100
À déterminer|102
À déterminer|103
À déterminer|104
À déterminer|106
À déterminer|107
À déterminer|109
À déterminer|110
À déterminer|111
À déterminer|112
À déterminer|113
À déterminer|114
À déterminer|115
À déterminer|116
À déterminer|117
À déterminer|118
À déterminer|119
À déterminer|120
À déterminer|121
À déterminer|122
À déterminer|123
À déterminer|124
À déterminer|125
À déterminer|126
À déterminer|127
À déterminer|128
À déterminer|129
À déterminer|131
À déterminer|132
À déterminer|133
À déterminer|134
À déterminer|136
À déterminer|137
À déterminer|143
